name	registration_no
NEUCHATEL INVESTMENTS	PV1803
NEUCLEI	PV00217545
NEULABS	PV00289761
NEUMA FOODS	PV00203492
NEURA AI RESEARCH LAB	
NEURA ELECTRONICS AND MANUFACTURING	PV00281961
NEURA INTELLIGENCE	PV00201515
NEURA SCRIPTS SOLUTIONS	PV00294757
NEURAL CORPORATION	PV00256337
NEURAL INVENTIONS OF TECHNOLOGY	PV00234897
NEURAL NETWORK CONSULTING	PV00251693
NEURALE COMPUTING	PV00245384
NEURALGAP	PV00284736
NEURALWAYS	PV75875
NEURATECH	PV00303698
NEURO CRYSTAL	PV00242935
NEURO SURGERY DEVELOPMENT FOUNDATION	GA637
NEUROCARE	PV112461
NEUROFLEETS	
NEUROFUSION	PV00209367
NEUROMED	PV116500
NEURON ASIA	PV00255318
NEURONIC SYSTEM	PV00282921
NEUROON INFORMATIC	PV00226513
NEUTON LANKA	PV81180
NEUTRAL BRUSH	
NEUTRALIS GAMES	PV00262186
NEUTRELA CONSULTANTS	PV00278042
NEUTRENA APPAREL	PV00249669
NEUTRENA FEEDS	PV00242551
NEUTRIBIO HERITAGE	PV00204773
NEUTRIMED INTERNATIONAL	PV00308091
NEUTRON PHARMA	PV00204489
NEUTRONIUM TECHNOLOGIES	
